{
    "intro": {
      "Frequency": {
        "Start": 153.31823469991457,
        "Min": 292.1262600310092,
        "Max": 1027.2918276712835,
        "Slide": -0.8907185269909936,
        "DeltaSlide": 0.539258085917004,
        "RepeatSpeed": 1.582754127622104,
        "ChangeAmount": 5.862831076647513,
        "ChangeSpeed": 0.693591300415467
      },
      "Vibrato": {
        "Depth": 0.3849760804070115,
        "DepthSlide": 0.07468112795946347,
        "Frequency": 23.994316773754264,
        "FrequencySlide": 0.4386120572244767
      },
      "Generator": {
        "Func": "synth",
        "A": 0.8400300476224765,
        "B": 0.6608177228300698,
        "ASlide": -0.4140433770082348,
        "BSlide": 0.4632817147334043
      },
      "Guitar": {
        "A": 0.09581457487960421,
        "B": 0.5795378943863974,
        "C": 0.7929256289039548
      },
      "Phaser": { "Offset": -0.4058482692332781, "Sweep": 0.5567479827777535 },
      "Volume": {
        "Master": 0.4,
        "Attack": 0.7818540009841102,
        "Sustain": 1.7827372170484508,
        "Punch": 1.6633467551093835,
        "Decay": 0.8446584133154353
      }
    },
    "deep": {
      "Frequency": {
        "Start": 153.31823469991457,
        "Min": 292.1262600310092,
        "Max": 1027.2918276712835,
        "Slide": -0.8907185269909936,
        "DeltaSlide": 0.539258085917004,
        "RepeatSpeed": 1.582754127622104,
        "ChangeAmount": 5.862831076647513,
        "ChangeSpeed": 0.693591300415467
      },
      "Vibrato": {
        "Depth": 0.01,
        "DepthSlide": 0.07468112795946347,
        "Frequency": 23.994316773754264,
        "FrequencySlide": 0.4386120572244767
      },
      "Generator": {
        "Func": "synth",
        "A": 0.8400300476224765,
        "B": 0.6608177228300698,
        "ASlide": -0.4140433770082348,
        "BSlide": 0.4632817147334043
      },
      "Guitar": {
        "A": 0.09581457487960421,
        "B": 0.5795378943863974,
        "C": 0.7929256289039548
      },
      "Phaser": { "Offset": -0.4058482692332781, "Sweep": 0.5567479827777535 },
      "Volume": {
        "Master": 0.4,
        "Attack": 0.7818540009841102,
        "Sustain": 1.7827372170484508,
        "Punch": 1.6633467551093835,
        "Decay": 0.8446584133154353
      }
    },
    "waver": {
      "Frequency": {
        "Start": 64.89290354373824,
        "Min": 576,
        "Max": 127,
        "Slide": 0.36220477214360125,
        "DeltaSlide": 0.43432142742958524,
        "RepeatSpeed": 0.65,
        "ChangeAmount": -0.5280169284537539,
        "ChangeSpeed": 0.5379681043214213
      },
      "Vibrato": {
        "Depth": 0.07791982594899882,
        "DepthSlide": -0.52,
        "Frequency": 44.01,
        "FrequencySlide": 0.7139063943994173
      },
      "Generator": {
        "Func": "sine",
        "A": 0.4762803075551896,
        "B": 0.520962306491157,
        "ASlide": 0.8392694218677108,
        "BSlide": 0.6362041825193971
      },
      "Guitar": {
        "A": 0.4216579580458326,
        "B": 0.26456498780362003,
        "C": 0.6519005962939024
      },
      "Phaser": { "Offset": 0.8052342905394201, "Sweep": -0.2232197138445957 },
      "Volume": {
        "Master": 0.4,
        "Attack": 0.05768382871447439,
        "Sustain": 1.8912048244685566,
        "Punch": 0.014089104238109718,
        "Decay": 1.9243957171991761
      }
    },
    "start": {
      "Frequency": {
        "Start": 458.8153517427196,
        "Min": 259.9638806515874,
        "Max": 1711.7731028833289,
        "Slide": 0.8233354642163055,
        "DeltaSlide": -0.48160878567102783,
        "RepeatSpeed": 2.063694872623617,
        "ChangeAmount": -2.0124504180672513,
        "ChangeSpeed": 0.13755547704211057
      },
      "Vibrato": {
        "Depth": 0.20868116469224351,
        "DepthSlide": 0.8778156992293287,
        "Frequency": 24.715056797872794,
        "FrequencySlide": 0.12105869959863913
      },
      "Generator": {
        "Func": "sine",
        "A": 0.9025157400888253,
        "B": 0.6233932086744349,
        "ASlide": -0.8907827237594645,
        "BSlide": -0.3650000661891277
      },
      "Guitar": {
        "A": 0.46670093190347073,
        "B": 0.6238847642832868,
        "C": 0.22437951795249056
      },
      "Phaser": { "Offset": 0.05070080792434917, "Sweep": -0.18126081742093758 },
      "Volume": {
        "Master": 0.4,
        "Attack": 0.1559614496457199,
        "Sustain": 1.4816157259651006,
        "Punch": 0.4580586213018436,
        "Decay": 1.845048804779359
      }
    }
  }
  